                  epoch,         train/box_loss,         train/cls_loss,         train/dfl_loss,   metrics/precision(B),      metrics/recall(B),       metrics/mAP50(B),    metrics/mAP50-95(B),           val/box_loss,           val/cls_loss,           val/dfl_loss,                 lr/pg0,                 lr/pg1,                 lr/pg2
                      1,                 2.6138,                 6.0311,                 1.1516,                 0.7758,                0.52564,                 0.6911,                 0.1851,                 2.4943,                 5.3958,                  1.084,             0.00013336,             0.00013336,             0.00013336
                      2,                 2.2001,                 2.6318,                 1.0482,                0.47413,                0.94819,                0.48092,                0.12548,                 2.1615,                 15.795,                 1.0122,             0.00022728,             0.00022728,             0.00022728
                      3,                 2.0435,                 1.7495,                0.98698,                0.52395,                0.68574,                0.72223,                0.25949,                 2.2673,                 8.5995,                 1.0352,             0.00026179,             0.00026179,             0.00026179
                      4,                 2.0234,                 1.5974,                0.98282,                0.43741,                0.83974,                0.49219,                0.16129,                 2.0289,                 4.2225,                0.98724,             0.00023688,             0.00023688,             0.00023688
                      5,                 2.0209,                 1.3961,                0.99942,                0.43617,                0.94257,                0.57462,                0.24663,                 1.9702,                   4.08,                0.97755,             0.00015256,             0.00015256,             0.00015256
